﻿{"frames": {

"mcBlur0000":
{
	"frame": {"x":0,"y":0,"w":361,"h":68},
	"rotated": false,
	"trimmed": false,
	"spriteSourceSize": {"x":0,"y":0,"w":361,"h":68},
	"sourceSize": {"w":361,"h":68}
},
"mcBlur0001":
{
	"frame": {"x":361,"y":0,"w":361,"h":68},
	"rotated": false,
	"trimmed": false,
	"spriteSourceSize": {"x":0,"y":0,"w":361,"h":68},
	"sourceSize": {"w":361,"h":68}
},
"mcBlur0002":
{
	"frame": {"x":0,"y":68,"w":361,"h":68},
	"rotated": false,
	"trimmed": false,
	"spriteSourceSize": {"x":0,"y":0,"w":361,"h":68},
	"sourceSize": {"w":361,"h":68}
},
"mcBlur0003":
{
	"frame": {"x":361,"y":68,"w":361,"h":68},
	"rotated": false,
	"trimmed": false,
	"spriteSourceSize": {"x":0,"y":0,"w":361,"h":68},
	"sourceSize": {"w":361,"h":68}
},
"mcBlur0004":
{
	"frame": {"x":0,"y":136,"w":361,"h":68},
	"rotated": false,
	"trimmed": false,
	"spriteSourceSize": {"x":0,"y":0,"w":361,"h":68},
	"sourceSize": {"w":361,"h":68}
},
"mcBlur0005":
{
	"frame": {"x":361,"y":136,"w":361,"h":68},
	"rotated": false,
	"trimmed": false,
	"spriteSourceSize": {"x":0,"y":0,"w":361,"h":68},
	"sourceSize": {"w":361,"h":68}
},
"mcBlur0006":
{
	"frame": {"x":0,"y":204,"w":361,"h":68},
	"rotated": false,
	"trimmed": false,
	"spriteSourceSize": {"x":0,"y":0,"w":361,"h":68},
	"sourceSize": {"w":361,"h":68}
},
"mcBlur0007":
{
	"frame": {"x":361,"y":204,"w":361,"h":68},
	"rotated": false,
	"trimmed": false,
	"spriteSourceSize": {"x":0,"y":0,"w":361,"h":68},
	"sourceSize": {"w":361,"h":68}
},
"mcBlur0008":
{
	"frame": {"x":0,"y":272,"w":361,"h":68},
	"rotated": false,
	"trimmed": false,
	"spriteSourceSize": {"x":0,"y":0,"w":361,"h":68},
	"sourceSize": {"w":361,"h":68}
},
"mcBlur0009":
{
	"frame": {"x":361,"y":272,"w":361,"h":68},
	"rotated": false,
	"trimmed": false,
	"spriteSourceSize": {"x":0,"y":0,"w":361,"h":68},
	"sourceSize": {"w":361,"h":68}
}},
"meta": {
	"app": "Adobe Animate",
	"version": "16.0.0.112",
	"image": "blur.png",
	"format": "RGBA8888",
	"size": {"w":800,"h":350},
	"scale": "1"
}
}
