﻿{"frames": {

"mcBody0000":
{
	"frame": {"x":0,"y":0,"w":263,"h":60},
	"rotated": false,
	"trimmed": false,
	"spriteSourceSize": {"x":0,"y":0,"w":263,"h":60},
	"sourceSize": {"w":263,"h":60}
},
"mcBody0001":
{
	"frame": {"x":264,"y":0,"w":263,"h":60},
	"rotated": false,
	"trimmed": false,
	"spriteSourceSize": {"x":0,"y":0,"w":263,"h":60},
	"sourceSize": {"w":263,"h":60}
},
"mcBody0002":
{
	"frame": {"x":0,"y":61,"w":263,"h":60},
	"rotated": false,
	"trimmed": false,
	"spriteSourceSize": {"x":0,"y":0,"w":263,"h":60},
	"sourceSize": {"w":263,"h":60}
},
"mcBody0003":
{
	"frame": {"x":264,"y":61,"w":263,"h":60},
	"rotated": false,
	"trimmed": false,
	"spriteSourceSize": {"x":0,"y":0,"w":263,"h":60},
	"sourceSize": {"w":263,"h":60}
},
"mcBody0004":
{
	"frame": {"x":0,"y":122,"w":263,"h":60},
	"rotated": false,
	"trimmed": false,
	"spriteSourceSize": {"x":0,"y":0,"w":263,"h":60},
	"sourceSize": {"w":263,"h":60}
},
"mcBody0005":
{
	"frame": {"x":264,"y":122,"w":263,"h":60},
	"rotated": false,
	"trimmed": false,
	"spriteSourceSize": {"x":0,"y":0,"w":263,"h":60},
	"sourceSize": {"w":263,"h":60}
},
"mcBody0006":
{
	"frame": {"x":0,"y":183,"w":263,"h":60},
	"rotated": false,
	"trimmed": false,
	"spriteSourceSize": {"x":0,"y":0,"w":263,"h":60},
	"sourceSize": {"w":263,"h":60}
},
"mcBody0007":
{
	"frame": {"x":264,"y":183,"w":263,"h":60},
	"rotated": false,
	"trimmed": false,
	"spriteSourceSize": {"x":0,"y":0,"w":263,"h":60},
	"sourceSize": {"w":263,"h":60}
},
"mcBody0008":
{
	"frame": {"x":0,"y":244,"w":263,"h":60},
	"rotated": false,
	"trimmed": false,
	"spriteSourceSize": {"x":0,"y":0,"w":263,"h":60},
	"sourceSize": {"w":263,"h":60}
},
"mcBody0009":
{
	"frame": {"x":264,"y":244,"w":263,"h":60},
	"rotated": false,
	"trimmed": false,
	"spriteSourceSize": {"x":0,"y":0,"w":263,"h":60},
	"sourceSize": {"w":263,"h":60}
}},
"meta": {
	"app": "Adobe Animate",
	"version": "16.0.0.112",
	"image": "body.png",
	"format": "RGBA8888",
	"size": {"w":530,"h":350},
	"scale": "1"
}
}
