﻿{"frames": {

"mcCar10000":
{
	"frame": {"x":0,"y":0,"w":316,"h":100},
	"rotated": false,
	"trimmed": true,
	"spriteSourceSize": {"x":0,"y":1,"w":316,"h":101},
	"sourceSize": {"w":316,"h":101}
},
"mcCar10001":
{
	"frame": {"x":317,"y":0,"w":316,"h":100},
	"rotated": false,
	"trimmed": true,
	"spriteSourceSize": {"x":0,"y":1,"w":316,"h":101},
	"sourceSize": {"w":316,"h":101}
},
"mcCar10002":
{
	"frame": {"x":0,"y":101,"w":316,"h":100},
	"rotated": false,
	"trimmed": true,
	"spriteSourceSize": {"x":0,"y":1,"w":316,"h":101},
	"sourceSize": {"w":316,"h":101}
},
"mcCar10003":
{
	"frame": {"x":317,"y":101,"w":316,"h":100},
	"rotated": false,
	"trimmed": true,
	"spriteSourceSize": {"x":0,"y":1,"w":316,"h":101},
	"sourceSize": {"w":316,"h":101}
},
"mcCar10004":
{
	"frame": {"x":0,"y":202,"w":316,"h":100},
	"rotated": false,
	"trimmed": true,
	"spriteSourceSize": {"x":0,"y":1,"w":316,"h":101},
	"sourceSize": {"w":316,"h":101}
},
"mcCar10005":
{
	"frame": {"x":317,"y":202,"w":316,"h":101},
	"rotated": false,
	"trimmed": true,
	"spriteSourceSize": {"x":0,"y":0,"w":316,"h":101},
	"sourceSize": {"w":316,"h":101}
},
"mcCar10006":
{
	"frame": {"x":0,"y":304,"w":316,"h":100},
	"rotated": false,
	"trimmed": true,
	"spriteSourceSize": {"x":0,"y":1,"w":316,"h":101},
	"sourceSize": {"w":316,"h":101}
},
"mcCar10007":
{
	"frame": {"x":317,"y":304,"w":316,"h":101},
	"rotated": false,
	"trimmed": false,
	"spriteSourceSize": {"x":0,"y":0,"w":316,"h":101},
	"sourceSize": {"w":316,"h":101}
},
"mcCar10008":
{
	"frame": {"x":0,"y":406,"w":316,"h":101},
	"rotated": false,
	"trimmed": false,
	"spriteSourceSize": {"x":0,"y":0,"w":316,"h":101},
	"sourceSize": {"w":316,"h":101}
},
"mcCar10009":
{
	"frame": {"x":317,"y":406,"w":316,"h":101},
	"rotated": false,
	"trimmed": false,
	"spriteSourceSize": {"x":0,"y":0,"w":316,"h":101},
	"sourceSize": {"w":316,"h":101}
}},
"meta": {
	"app": "Adobe Animate",
	"version": "16.0.0.112",
	"image": "CarRes.png",
	"format": "RGBA8888",
	"size": {"w":680,"h":512},
	"scale": "1"
}
}
