﻿{"frames": {

"mcMute0000":
{
	"frame": {"x":0,"y":0,"w":39,"h":37},
	"rotated": false,
	"trimmed": false,
	"spriteSourceSize": {"x":0,"y":0,"w":39,"h":37},
	"sourceSize": {"w":39,"h":37}
},
"mcMute0001":
{
	"frame": {"x":0,"y":37,"w":39,"h":37},
	"rotated": false,
	"trimmed": false,
	"spriteSourceSize": {"x":0,"y":0,"w":39,"h":37},
	"sourceSize": {"w":39,"h":37}
}},
"meta": {
	"app": "Adobe Animate",
	"version": "16.0.0.112",
	"image": "iconSound.png",
	"format": "RGBA8888",
	"size": {"w":64,"h":128},
	"scale": "1"
}
}
