﻿{"frames": {

"mcWheel20000":
{
	"frame": {"x":0,"y":0,"w":36,"h":35},
	"rotated": false,
	"trimmed": true,
	"spriteSourceSize": {"x":0,"y":0,"w":36,"h":35},
	"sourceSize": {"w":36,"h":35}
},
"mcWheel20001":
{
	"frame": {"x":36,"y":0,"w":36,"h":35},
	"rotated": false,
	"trimmed": true,
	"spriteSourceSize": {"x":0,"y":0,"w":36,"h":35},
	"sourceSize": {"w":36,"h":35}
},
"mcWheel20002":
{
	"frame": {"x":72,"y":0,"w":36,"h":35},
	"rotated": false,
	"trimmed": true,
	"spriteSourceSize": {"x":0,"y":0,"w":36,"h":35},
	"sourceSize": {"w":36,"h":35}
},
"mcWheel20003":
{
	"frame": {"x":108,"y":0,"w":36,"h":35},
	"rotated": false,
	"trimmed": true,
	"spriteSourceSize": {"x":0,"y":0,"w":36,"h":35},
	"sourceSize": {"w":36,"h":35}
},
"mcWheel20004":
{
	"frame": {"x":144,"y":0,"w":36,"h":35},
	"rotated": false,
	"trimmed": true,
	"spriteSourceSize": {"x":0,"y":0,"w":36,"h":35},
	"sourceSize": {"w":36,"h":35}
},
"mcWheel20005":
{
	"frame": {"x":180,"y":0,"w":36,"h":35},
	"rotated": false,
	"trimmed": true,
	"spriteSourceSize": {"x":0,"y":0,"w":36,"h":35},
	"sourceSize": {"w":36,"h":35}
},
"mcWheel20006":
{
	"frame": {"x":216,"y":0,"w":36,"h":35},
	"rotated": false,
	"trimmed": true,
	"spriteSourceSize": {"x":0,"y":0,"w":36,"h":35},
	"sourceSize": {"w":36,"h":35}
},
"mcWheel20007":
{
	"frame": {"x":252,"y":0,"w":36,"h":35},
	"rotated": false,
	"trimmed": true,
	"spriteSourceSize": {"x":0,"y":0,"w":36,"h":35},
	"sourceSize": {"w":36,"h":35}
},
"mcWheel20008":
{
	"frame": {"x":288,"y":0,"w":36,"h":35},
	"rotated": false,
	"trimmed": true,
	"spriteSourceSize": {"x":0,"y":0,"w":36,"h":35},
	"sourceSize": {"w":36,"h":35}
},
"mcWheel20009":
{
	"frame": {"x":324,"y":0,"w":36,"h":35},
	"rotated": false,
	"trimmed": true,
	"spriteSourceSize": {"x":0,"y":0,"w":36,"h":35},
	"sourceSize": {"w":36,"h":35}
},
"mcWheel20010":
{
	"frame": {"x":360,"y":0,"w":36,"h":35},
	"rotated": false,
	"trimmed": true,
	"spriteSourceSize": {"x":0,"y":0,"w":36,"h":35},
	"sourceSize": {"w":36,"h":35}
},
"mcWheel20011":
{
	"frame": {"x":396,"y":0,"w":36,"h":35},
	"rotated": false,
	"trimmed": true,
	"spriteSourceSize": {"x":0,"y":0,"w":36,"h":35},
	"sourceSize": {"w":36,"h":35}
},
"mcWheel20012":
{
	"frame": {"x":432,"y":0,"w":36,"h":35},
	"rotated": false,
	"trimmed": true,
	"spriteSourceSize": {"x":0,"y":0,"w":36,"h":35},
	"sourceSize": {"w":36,"h":35}
},
"mcWheel20013":
{
	"frame": {"x":468,"y":0,"w":36,"h":35},
	"rotated": false,
	"trimmed": true,
	"spriteSourceSize": {"x":0,"y":0,"w":36,"h":35},
	"sourceSize": {"w":36,"h":35}
},
"mcWheel20014":
{
	"frame": {"x":0,"y":35,"w":36,"h":35},
	"rotated": false,
	"trimmed": true,
	"spriteSourceSize": {"x":0,"y":0,"w":36,"h":35},
	"sourceSize": {"w":36,"h":35}
},
"mcWheel20015":
{
	"frame": {"x":36,"y":35,"w":36,"h":35},
	"rotated": false,
	"trimmed": true,
	"spriteSourceSize": {"x":0,"y":0,"w":36,"h":35},
	"sourceSize": {"w":36,"h":35}
},
"mcWheel20016":
{
	"frame": {"x":72,"y":35,"w":36,"h":35},
	"rotated": false,
	"trimmed": true,
	"spriteSourceSize": {"x":0,"y":0,"w":36,"h":35},
	"sourceSize": {"w":36,"h":35}
},
"mcWheel20017":
{
	"frame": {"x":108,"y":35,"w":36,"h":35},
	"rotated": false,
	"trimmed": true,
	"spriteSourceSize": {"x":0,"y":0,"w":36,"h":35},
	"sourceSize": {"w":36,"h":35}
},
"mcWheel20018":
{
	"frame": {"x":144,"y":35,"w":36,"h":35},
	"rotated": false,
	"trimmed": true,
	"spriteSourceSize": {"x":0,"y":0,"w":36,"h":35},
	"sourceSize": {"w":36,"h":35}
},
"mcWheel20019":
{
	"frame": {"x":180,"y":35,"w":36,"h":35},
	"rotated": false,
	"trimmed": true,
	"spriteSourceSize": {"x":0,"y":0,"w":36,"h":35},
	"sourceSize": {"w":36,"h":35}
},
"mcWheel20020":
{
	"frame": {"x":216,"y":35,"w":36,"h":35},
	"rotated": false,
	"trimmed": true,
	"spriteSourceSize": {"x":0,"y":0,"w":36,"h":35},
	"sourceSize": {"w":36,"h":35}
},
"mcWheel20021":
{
	"frame": {"x":252,"y":35,"w":36,"h":35},
	"rotated": false,
	"trimmed": true,
	"spriteSourceSize": {"x":0,"y":0,"w":36,"h":35},
	"sourceSize": {"w":36,"h":35}
},
"mcWheel20022":
{
	"frame": {"x":288,"y":35,"w":36,"h":35},
	"rotated": false,
	"trimmed": true,
	"spriteSourceSize": {"x":0,"y":0,"w":36,"h":35},
	"sourceSize": {"w":36,"h":35}
},
"mcWheel20023":
{
	"frame": {"x":324,"y":35,"w":36,"h":35},
	"rotated": false,
	"trimmed": true,
	"spriteSourceSize": {"x":0,"y":0,"w":36,"h":35},
	"sourceSize": {"w":36,"h":35}
},
"mcWheel20024":
{
	"frame": {"x":360,"y":35,"w":36,"h":35},
	"rotated": false,
	"trimmed": true,
	"spriteSourceSize": {"x":0,"y":0,"w":36,"h":35},
	"sourceSize": {"w":36,"h":35}
},
"mcWheel20025":
{
	"frame": {"x":396,"y":35,"w":36,"h":35},
	"rotated": false,
	"trimmed": true,
	"spriteSourceSize": {"x":0,"y":0,"w":36,"h":35},
	"sourceSize": {"w":36,"h":35}
},
"mcWheel20026":
{
	"frame": {"x":432,"y":35,"w":36,"h":35},
	"rotated": false,
	"trimmed": true,
	"spriteSourceSize": {"x":0,"y":0,"w":36,"h":35},
	"sourceSize": {"w":36,"h":35}
},
"mcWheel20027":
{
	"frame": {"x":468,"y":35,"w":36,"h":35},
	"rotated": false,
	"trimmed": true,
	"spriteSourceSize": {"x":0,"y":0,"w":36,"h":35},
	"sourceSize": {"w":36,"h":35}
},
"mcWheel20028":
{
	"frame": {"x":0,"y":70,"w":36,"h":35},
	"rotated": false,
	"trimmed": true,
	"spriteSourceSize": {"x":0,"y":0,"w":36,"h":35},
	"sourceSize": {"w":36,"h":35}
},
"mcWheel20029":
{
	"frame": {"x":36,"y":70,"w":36,"h":35},
	"rotated": false,
	"trimmed": true,
	"spriteSourceSize": {"x":0,"y":0,"w":36,"h":35},
	"sourceSize": {"w":36,"h":35}
},
"mcWheel20030":
{
	"frame": {"x":72,"y":70,"w":36,"h":35},
	"rotated": false,
	"trimmed": true,
	"spriteSourceSize": {"x":0,"y":0,"w":36,"h":35},
	"sourceSize": {"w":36,"h":35}
},
"mcWheel20031":
{
	"frame": {"x":108,"y":70,"w":36,"h":35},
	"rotated": false,
	"trimmed": true,
	"spriteSourceSize": {"x":0,"y":0,"w":36,"h":35},
	"sourceSize": {"w":36,"h":35}
},
"mcWheel20032":
{
	"frame": {"x":144,"y":70,"w":36,"h":35},
	"rotated": false,
	"trimmed": true,
	"spriteSourceSize": {"x":0,"y":0,"w":36,"h":35},
	"sourceSize": {"w":36,"h":35}
},
"mcWheel20033":
{
	"frame": {"x":180,"y":70,"w":36,"h":35},
	"rotated": false,
	"trimmed": true,
	"spriteSourceSize": {"x":0,"y":0,"w":36,"h":35},
	"sourceSize": {"w":36,"h":35}
},
"mcWheel20034":
{
	"frame": {"x":216,"y":70,"w":36,"h":35},
	"rotated": false,
	"trimmed": true,
	"spriteSourceSize": {"x":0,"y":0,"w":36,"h":35},
	"sourceSize": {"w":36,"h":35}
},
"mcWheel20035":
{
	"frame": {"x":252,"y":70,"w":36,"h":35},
	"rotated": false,
	"trimmed": true,
	"spriteSourceSize": {"x":0,"y":0,"w":36,"h":35},
	"sourceSize": {"w":36,"h":35}
},
"mcWheel20036":
{
	"frame": {"x":288,"y":70,"w":36,"h":35},
	"rotated": false,
	"trimmed": true,
	"spriteSourceSize": {"x":0,"y":0,"w":36,"h":35},
	"sourceSize": {"w":36,"h":35}
},
"mcWheel20037":
{
	"frame": {"x":324,"y":70,"w":36,"h":35},
	"rotated": false,
	"trimmed": true,
	"spriteSourceSize": {"x":0,"y":0,"w":36,"h":35},
	"sourceSize": {"w":36,"h":35}
},
"mcWheel20038":
{
	"frame": {"x":360,"y":70,"w":36,"h":35},
	"rotated": false,
	"trimmed": true,
	"spriteSourceSize": {"x":0,"y":0,"w":36,"h":35},
	"sourceSize": {"w":36,"h":35}
},
"mcWheel20039":
{
	"frame": {"x":396,"y":70,"w":36,"h":35},
	"rotated": false,
	"trimmed": true,
	"spriteSourceSize": {"x":0,"y":0,"w":36,"h":35},
	"sourceSize": {"w":36,"h":35}
},
"mcWheel20040":
{
	"frame": {"x":432,"y":70,"w":36,"h":35},
	"rotated": false,
	"trimmed": true,
	"spriteSourceSize": {"x":0,"y":0,"w":36,"h":35},
	"sourceSize": {"w":36,"h":35}
},
"mcWheel20041":
{
	"frame": {"x":468,"y":70,"w":36,"h":35},
	"rotated": false,
	"trimmed": true,
	"spriteSourceSize": {"x":0,"y":0,"w":36,"h":35},
	"sourceSize": {"w":36,"h":35}
},
"mcWheel20042":
{
	"frame": {"x":0,"y":105,"w":36,"h":35},
	"rotated": false,
	"trimmed": true,
	"spriteSourceSize": {"x":0,"y":0,"w":36,"h":35},
	"sourceSize": {"w":36,"h":35}
},
"mcWheel20043":
{
	"frame": {"x":36,"y":105,"w":36,"h":35},
	"rotated": false,
	"trimmed": true,
	"spriteSourceSize": {"x":0,"y":0,"w":36,"h":35},
	"sourceSize": {"w":36,"h":35}
},
"mcWheel20044":
{
	"frame": {"x":72,"y":105,"w":36,"h":35},
	"rotated": false,
	"trimmed": true,
	"spriteSourceSize": {"x":0,"y":0,"w":36,"h":35},
	"sourceSize": {"w":36,"h":35}
},
"mcWheel20045":
{
	"frame": {"x":108,"y":105,"w":36,"h":35},
	"rotated": false,
	"trimmed": true,
	"spriteSourceSize": {"x":0,"y":0,"w":36,"h":35},
	"sourceSize": {"w":36,"h":35}
},
"mcWheel20046":
{
	"frame": {"x":144,"y":105,"w":36,"h":35},
	"rotated": false,
	"trimmed": true,
	"spriteSourceSize": {"x":0,"y":0,"w":36,"h":35},
	"sourceSize": {"w":36,"h":35}
},
"mcWheel20047":
{
	"frame": {"x":180,"y":105,"w":36,"h":35},
	"rotated": false,
	"trimmed": true,
	"spriteSourceSize": {"x":0,"y":0,"w":36,"h":35},
	"sourceSize": {"w":36,"h":35}
},
"mcWheel20048":
{
	"frame": {"x":216,"y":105,"w":36,"h":35},
	"rotated": false,
	"trimmed": true,
	"spriteSourceSize": {"x":0,"y":0,"w":36,"h":35},
	"sourceSize": {"w":36,"h":35}
},
"mcWheel20049":
{
	"frame": {"x":252,"y":105,"w":36,"h":35},
	"rotated": false,
	"trimmed": true,
	"spriteSourceSize": {"x":0,"y":0,"w":36,"h":35},
	"sourceSize": {"w":36,"h":35}
},
"mcWheel20050":
{
	"frame": {"x":288,"y":105,"w":36,"h":35},
	"rotated": false,
	"trimmed": true,
	"spriteSourceSize": {"x":0,"y":0,"w":36,"h":35},
	"sourceSize": {"w":36,"h":35}
},
"mcWheel20051":
{
	"frame": {"x":324,"y":105,"w":36,"h":35},
	"rotated": false,
	"trimmed": true,
	"spriteSourceSize": {"x":0,"y":0,"w":36,"h":35},
	"sourceSize": {"w":36,"h":35}
},
"mcWheel20052":
{
	"frame": {"x":360,"y":105,"w":36,"h":35},
	"rotated": false,
	"trimmed": true,
	"spriteSourceSize": {"x":0,"y":0,"w":36,"h":35},
	"sourceSize": {"w":36,"h":35}
},
"mcWheel20053":
{
	"frame": {"x":396,"y":105,"w":36,"h":35},
	"rotated": false,
	"trimmed": true,
	"spriteSourceSize": {"x":0,"y":0,"w":36,"h":35},
	"sourceSize": {"w":36,"h":35}
},
"mcWheel20054":
{
	"frame": {"x":432,"y":105,"w":36,"h":35},
	"rotated": false,
	"trimmed": true,
	"spriteSourceSize": {"x":0,"y":0,"w":36,"h":35},
	"sourceSize": {"w":36,"h":35}
},
"mcWheel20055":
{
	"frame": {"x":468,"y":105,"w":36,"h":35},
	"rotated": false,
	"trimmed": true,
	"spriteSourceSize": {"x":0,"y":0,"w":36,"h":35},
	"sourceSize": {"w":36,"h":35}
},
"mcWheel20056":
{
	"frame": {"x":0,"y":140,"w":36,"h":35},
	"rotated": false,
	"trimmed": true,
	"spriteSourceSize": {"x":0,"y":0,"w":36,"h":35},
	"sourceSize": {"w":36,"h":35}
},
"mcWheel20057":
{
	"frame": {"x":36,"y":140,"w":36,"h":35},
	"rotated": false,
	"trimmed": true,
	"spriteSourceSize": {"x":0,"y":0,"w":36,"h":35},
	"sourceSize": {"w":36,"h":35}
},
"mcWheel20058":
{
	"frame": {"x":72,"y":140,"w":36,"h":35},
	"rotated": false,
	"trimmed": true,
	"spriteSourceSize": {"x":0,"y":0,"w":36,"h":35},
	"sourceSize": {"w":36,"h":35}
},
"mcWheel20059":
{
	"frame": {"x":0,"y":0,"w":36,"h":35},
	"rotated": false,
	"trimmed": true,
	"spriteSourceSize": {"x":0,"y":0,"w":36,"h":35},
	"sourceSize": {"w":36,"h":35}
}},
"meta": {
	"app": "Adobe Animate",
	"version": "16.0.0.112",
	"image": "mcWheel.png",
	"format": "RGBA8888",
	"size": {"w":530,"h":310},
	"scale": "1"
}
}
